from, to
LuckyDuckyQuack, MyMarketBuilder
LuckyDuckyQuack, Teuten
LuckyDuckyQuack, shriverstanley1
LuckyDuckyQuack, NZo2rOFcH4mhG7G
LuckyDuckyQuack, ZSibson
LuckyDuckyQuack, TheToxicLamas
LuckyDuckyQuack, evanimalistic
LuckyDuckyQuack, JlTareila
LuckyDuckyQuack, TurtlePhilbert
LuckyDuckyQuack, ClaytonGoggil
MyMarketBuilder, proyectosnolen1
MyMarketBuilder, kangarassuccess
MyMarketBuilder, DrBitetto
MyMarketBuilder, GargantuaX1
MyMarketBuilder, isdinedlalf
MyMarketBuilder, infographicsmed
MyMarketBuilder, GodTigran
MyMarketBuilder, wmharris101
MyMarketBuilder, laurahatton7
MyMarketBuilder, ITexpo_at
proyectosnolen1, MyMarketBuilder
proyectosnolen1, BethanyPugh17
proyectosnolen1, Coolmon2009
proyectosnolen1, timetohammock
proyectosnolen1, FLPPRC
proyectosnolen1, Alc_Naguanagua
proyectosnolen1, CanalEducativa
proyectosnolen1, tweet_moose
proyectosnolen1, BenRakov
proyectosnolen1, yaoxiaotong
MyMarketBuilder, proyectosnolen1
MyMarketBuilder, kangarassuccess
MyMarketBuilder, DrBitetto
MyMarketBuilder, GargantuaX1
MyMarketBuilder, isdinedlalf
MyMarketBuilder, infographicsmed
MyMarketBuilder, GodTigran
MyMarketBuilder, wmharris101
MyMarketBuilder, laurahatton7
MyMarketBuilder, ITexpo_at
