LuckyDuckyQuack, MyMarketBuilder
LuckyDuckyQuack, super_fabulous2
LuckyDuckyQuack, Teuten
LuckyDuckyQuack, shriverstanley1
LuckyDuckyQuack, NZo2rOFcH4mhG7G
LuckyDuckyQuack, ZSibson
LuckyDuckyQuack, TheToxicLamas
LuckyDuckyQuack, evanimalistic
LuckyDuckyQuack, JlTareila
LuckyDuckyQuack, TurtlePhilbert
MyMarketBuilder, DailyDealFeeds
MyMarketBuilder, astrophotometeo
MyMarketBuilder, Gautier_P_
MyMarketBuilder, KarlGeissler
MyMarketBuilder, SadnessVsHappy
MyMarketBuilder, dylanj_nz
MyMarketBuilder, LaBrightWebDev
MyMarketBuilder, nibletztweets
MyMarketBuilder, FLOOD_DOCTORS
MyMarketBuilder, charlesfend
DailyDealFeeds, nedra59720
DailyDealFeeds, NoNo2GOP
DailyDealFeeds, Fetiwear
DailyDealFeeds, masaihori
DailyDealFeeds, LibertyThreeM
DailyDealFeeds, AnnemarieWeers
DailyDealFeeds, DirtyTalkAlana
DailyDealFeeds, MyMarketBuilder
DailyDealFeeds, Tom_Caputo_Fit
DailyDealFeeds, AndieStrath
nedra59720, DailyDealFeeds
nedra59720, AleCGVenezuela
nedra59720, PassarinhoBetim
nedra59720, dmanos2
nedra59720, cullens_chelsea
nedra59720, lifesuccessllc
nedra59720, Mongolia976
nedra59720, casefleet
nedra59720, jblock
nedra59720, RaymondJohansen